[
{
    "model": "contenttypes.contenttype",
    "pk": 1,
    "fields": {
        "app_label": "admin",
        "model": "logentry"
    }
},
{
    "model": "contenttypes.contenttype",
    "pk": 2,
    "fields": {
        "app_label": "auth",
        "model": "permission"
    }
},
{
    "model": "contenttypes.contenttype",
    "pk": 3,
    "fields": {
        "app_label": "auth",
        "model": "group"
    }
},
{
    "model": "contenttypes.contenttype",
    "pk": 4,
    "fields": {
        "app_label": "contenttypes",
        "model": "contenttype"
    }
},
{
    "model": "contenttypes.contenttype",
    "pk": 5,
    "fields": {
        "app_label": "sessions",
        "model": "session"
    }
},
{
    "model": "contenttypes.contenttype",
    "pk": 6,
    "fields": {
        "app_label": "users",
        "model": "user"
    }
},
{
    "model": "contenttypes.contenttype",
    "pk": 7,
    "fields": {
        "app_label": "cms",
        "model": "page"
    }
},
{
    "model": "contenttypes.contenttype",
    "pk": 8,
    "fields": {
        "app_label": "cms",
        "model": "indexcolumn"
    }
},
{
    "model": "contenttypes.contenttype",
    "pk": 9,
    "fields": {
        "app_label": "cms",
        "model": "widget"
    }
},
{
    "model": "contenttypes.contenttype",
    "pk": 10,
    "fields": {
        "app_label": "cms",
        "model": "columnheading"
    }
},
{
    "model": "contenttypes.contenttype",
    "pk": 11,
    "fields": {
        "app_label": "cms",
        "model": "document"
    }
},
{
    "model": "contenttypes.contenttype",
    "pk": 14,
    "fields": {
        "app_label": "cms",
        "model": "pagewidget"
    }
},
{
    "model": "contenttypes.contenttype",
    "pk": 15,
    "fields": {
        "app_label": "cms",
        "model": "comment"
    }
},
{
    "model": "contenttypes.contenttype",
    "pk": 16,
    "fields": {
        "app_label": "cms",
        "model": "indexerwidget"
    }
},
{
    "model": "contenttypes.contenttype",
    "pk": 17,
    "fields": {
        "app_label": "cms",
        "model": "pagecounter"
    }
},
{
    "model": "sessions.session",
    "pk": "6hqrs9tv7gdoqdf5i5y59q2azfzqb6sk",
    "fields": {
        "session_data": "YWVlYzg0NjgxYmJmMmVlYjEzZDI5YzQyNTNmYjI2Njk0ZTU5NTQwODp7Il9hdXRoX3VzZXJfYmFja2VuZCI6ImRqYW5nby5jb250cmliLmF1dGguYmFja2VuZHMuTW9kZWxCYWNrZW5kIiwiX2F1dGhfdXNlcl9pZCI6IjEiLCJfYXV0aF91c2VyX2hhc2giOiJkY2ZmY2Y5NTExZDRkMzRmZmMyNGY0ZjU1OGRjNDUxOWMyM2YyOTRlIn0=",
        "expire_date": "2017-04-18T04:19:26.258Z"
    }
},
{
    "model": "sessions.session",
    "pk": "6kqhzlvdookeqfo4so8al4ltaw0yozm4",
    "fields": {
        "session_data": "OWU0NzIzODM2N2VhYjg2YTg3MWYwNjQ2OTY0YTU1ZjBlYjE2M2ZlYTp7Il9hdXRoX3VzZXJfaGFzaCI6ImRjZmZjZjk1MTFkNGQzNGZmYzI0ZjRmNTU4ZGM0NTE5YzIzZjI5NGUiLCJfYXV0aF91c2VyX2lkIjoiMSIsIl9hdXRoX3VzZXJfYmFja2VuZCI6ImRqYW5nby5jb250cmliLmF1dGguYmFja2VuZHMuTW9kZWxCYWNrZW5kIn0=",
        "expire_date": "2017-04-19T09:23:32.602Z"
    }
},
{
    "model": "sessions.session",
    "pk": "9rloulyjqpfsg8hhe9dony5tadjldsch",
    "fields": {
        "session_data": "ZjUyNzZlMTcwZWFhYTI2NGQ3ZjI5MDllZTdiMTQ1ZDEwMGUzY2M0NDp7Il9hdXRoX3VzZXJfYmFja2VuZCI6ImRqYW5nby5jb250cmliLmF1dGguYmFja2VuZHMuTW9kZWxCYWNrZW5kIiwiX2F1dGhfdXNlcl9oYXNoIjoiZGNmZmNmOTUxMWQ0ZDM0ZmZjMjRmNGY1NThkYzQ1MTljMjNmMjk0ZSIsIl9hdXRoX3VzZXJfaWQiOiIxIn0=",
        "expire_date": "2017-04-17T06:45:51.341Z"
    }
},
{
    "model": "sessions.session",
    "pk": "bzb5xaedlhqt6z1medwpp1axzmbffiwu",
    "fields": {
        "session_data": "MTRhOGU4YzRiMTYyZDgwOGY0Mjk2YmNhMGI1ZGE4NTM5NzI0OTY0OTp7Il9hdXRoX3VzZXJfaWQiOiIxIiwiX2F1dGhfdXNlcl9iYWNrZW5kIjoiZGphbmdvLmNvbnRyaWIuYXV0aC5iYWNrZW5kcy5Nb2RlbEJhY2tlbmQiLCJfYXV0aF91c2VyX2hhc2giOiJkY2ZmY2Y5NTExZDRkMzRmZmMyNGY0ZjU1OGRjNDUxOWMyM2YyOTRlIn0=",
        "expire_date": "2017-04-18T12:40:19.158Z"
    }
},
{
    "model": "sessions.session",
    "pk": "n94cp3skqwose1zeklc97vpmw413cauk",
    "fields": {
        "session_data": "NjFlMmJmMDc5YzkyMWU4ZDRhMGRlNjZiODcxZjJhNGNiNzUwYTg3Mjp7Il9hdXRoX3VzZXJfaWQiOiIxIiwiX2F1dGhfdXNlcl9oYXNoIjoiZGNmZmNmOTUxMWQ0ZDM0ZmZjMjRmNGY1NThkYzQ1MTljMjNmMjk0ZSIsIl9hdXRoX3VzZXJfYmFja2VuZCI6ImRqYW5nby5jb250cmliLmF1dGguYmFja2VuZHMuTW9kZWxCYWNrZW5kIn0=",
        "expire_date": "2017-04-21T05:22:56.375Z"
    }
},
{
    "model": "sessions.session",
    "pk": "o06hs5ecvnuwzagbbzxsmg0wrhfrlyfk",
    "fields": {
        "session_data": "ZjUyNzZlMTcwZWFhYTI2NGQ3ZjI5MDllZTdiMTQ1ZDEwMGUzY2M0NDp7Il9hdXRoX3VzZXJfYmFja2VuZCI6ImRqYW5nby5jb250cmliLmF1dGguYmFja2VuZHMuTW9kZWxCYWNrZW5kIiwiX2F1dGhfdXNlcl9oYXNoIjoiZGNmZmNmOTUxMWQ0ZDM0ZmZjMjRmNGY1NThkYzQ1MTljMjNmMjk0ZSIsIl9hdXRoX3VzZXJfaWQiOiIxIn0=",
        "expire_date": "2017-04-21T11:32:40.247Z"
    }
},
{
    "model": "sessions.session",
    "pk": "vzwmnlbvkpyw71ado0px6a2avx4pu0de",
    "fields": {
        "session_data": "OWU0NzIzODM2N2VhYjg2YTg3MWYwNjQ2OTY0YTU1ZjBlYjE2M2ZlYTp7Il9hdXRoX3VzZXJfaGFzaCI6ImRjZmZjZjk1MTFkNGQzNGZmYzI0ZjRmNTU4ZGM0NTE5YzIzZjI5NGUiLCJfYXV0aF91c2VyX2lkIjoiMSIsIl9hdXRoX3VzZXJfYmFja2VuZCI6ImRqYW5nby5jb250cmliLmF1dGguYmFja2VuZHMuTW9kZWxCYWNrZW5kIn0=",
        "expire_date": "2017-04-12T04:09:03.268Z"
    }
},
{
    "model": "cms.columnheading",
    "pk": 1,
    "fields": {
        "column": 1,
        "name": "Choose Function Area",
        "indexer": 1
    }
},
{
    "model": "cms.columnheading",
    "pk": 2,
    "fields": {
        "column": 2,
        "name": "Choose Other Formats",
        "indexer": 1
    }
},
{
    "model": "cms.indexcolumn",
    "pk": 1,
    "fields": {
        "indexer": 1,
        "column": 1,
        "url": "",
        "name": "IT Software"
    }
},
{
    "model": "cms.indexcolumn",
    "pk": 2,
    "fields": {
        "indexer": 1,
        "column": 1,
        "url": "",
        "name": "IT Hardware"
    }
},
{
    "model": "cms.indexcolumn",
    "pk": 3,
    "fields": {
        "indexer": 1,
        "column": 1,
        "url": "",
        "name": "Sales"
    }
},
{
    "model": "cms.indexcolumn",
    "pk": 4,
    "fields": {
        "indexer": 1,
        "column": 1,
        "url": "",
        "name": "Finance"
    }
},
{
    "model": "cms.indexcolumn",
    "pk": 5,
    "fields": {
        "indexer": 1,
        "column": 2,
        "url": "",
        "name": "Covver Letter"
    }
},
{
    "model": "cms.indexcolumn",
    "pk": 6,
    "fields": {
        "indexer": 1,
        "column": 2,
        "url": "",
        "name": "Resume Summary Statement"
    }
},
{
    "model": "cms.indexcolumn",
    "pk": 7,
    "fields": {
        "indexer": 1,
        "column": 2,
        "url": "",
        "name": "Executive Summary"
    }
},
{
    "model": "cms.indexcolumn",
    "pk": 8,
    "fields": {
        "indexer": 1,
        "column": 1,
        "url": "",
        "name": "Marketing"
    }
},
{
    "model": "cms.indexcolumn",
    "pk": 9,
    "fields": {
        "indexer": 1,
        "column": 1,
        "url": "",
        "name": "Operations"
    }
},
{
    "model": "cms.indexcolumn",
    "pk": 10,
    "fields": {
        "indexer": 1,
        "column": 2,
        "url": "",
        "name": "Linkdin Profile Summary"
    }
},
{
    "model": "cms.indexcolumn",
    "pk": 11,
    "fields": {
        "indexer": 1,
        "column": 2,
        "url": "",
        "name": "Resignation Letter"
    }
},
{
    "model": "cms.indexcolumn",
    "pk": 12,
    "fields": {
        "indexer": 1,
        "column": 2,
        "url": "",
        "name": "statement of purpose"
    }
},
{
    "model": "cms.document",
    "pk": 1,
    "fields": {
        "doc": "documents/cms/page/passport_apointment.pdf",
        "is_active": true,
        "priority": 1,
        "page": 1
    }
},
{
    "model": "cms.pagecounter",
    "pk": 2,
    "fields": {
        "page": 1,
        "count_period": "2017-04-01",
        "no_views": 384,
        "no_downloads": 33,
        "no_shares": 0,
        "comment_count": 3,
        "added_on": "2017-04-06T11:47:29.717Z",
        "modified_on": "2017-04-10T06:42:20.436Z"
    }
},
{
    "model": "auth.permission",
    "pk": 1,
    "fields": {
        "name": "Can add log entry",
        "content_type": 1,
        "codename": "add_logentry"
    }
},
{
    "model": "auth.permission",
    "pk": 2,
    "fields": {
        "name": "Can change log entry",
        "content_type": 1,
        "codename": "change_logentry"
    }
},
{
    "model": "auth.permission",
    "pk": 3,
    "fields": {
        "name": "Can delete log entry",
        "content_type": 1,
        "codename": "delete_logentry"
    }
},
{
    "model": "auth.permission",
    "pk": 4,
    "fields": {
        "name": "Can add permission",
        "content_type": 2,
        "codename": "add_permission"
    }
},
{
    "model": "auth.permission",
    "pk": 5,
    "fields": {
        "name": "Can change permission",
        "content_type": 2,
        "codename": "change_permission"
    }
},
{
    "model": "auth.permission",
    "pk": 6,
    "fields": {
        "name": "Can delete permission",
        "content_type": 2,
        "codename": "delete_permission"
    }
},
{
    "model": "auth.permission",
    "pk": 7,
    "fields": {
        "name": "Can add group",
        "content_type": 3,
        "codename": "add_group"
    }
},
{
    "model": "auth.permission",
    "pk": 8,
    "fields": {
        "name": "Can change group",
        "content_type": 3,
        "codename": "change_group"
    }
},
{
    "model": "auth.permission",
    "pk": 9,
    "fields": {
        "name": "Can delete group",
        "content_type": 3,
        "codename": "delete_group"
    }
},
{
    "model": "auth.permission",
    "pk": 10,
    "fields": {
        "name": "Can add content type",
        "content_type": 4,
        "codename": "add_contenttype"
    }
},
{
    "model": "auth.permission",
    "pk": 11,
    "fields": {
        "name": "Can change content type",
        "content_type": 4,
        "codename": "change_contenttype"
    }
},
{
    "model": "auth.permission",
    "pk": 12,
    "fields": {
        "name": "Can delete content type",
        "content_type": 4,
        "codename": "delete_contenttype"
    }
},
{
    "model": "auth.permission",
    "pk": 13,
    "fields": {
        "name": "Can add session",
        "content_type": 5,
        "codename": "add_session"
    }
},
{
    "model": "auth.permission",
    "pk": 14,
    "fields": {
        "name": "Can change session",
        "content_type": 5,
        "codename": "change_session"
    }
},
{
    "model": "auth.permission",
    "pk": 15,
    "fields": {
        "name": "Can delete session",
        "content_type": 5,
        "codename": "delete_session"
    }
},
{
    "model": "auth.permission",
    "pk": 16,
    "fields": {
        "name": "Can add user",
        "content_type": 6,
        "codename": "add_user"
    }
},
{
    "model": "auth.permission",
    "pk": 17,
    "fields": {
        "name": "Can change user",
        "content_type": 6,
        "codename": "change_user"
    }
},
{
    "model": "auth.permission",
    "pk": 18,
    "fields": {
        "name": "Can delete user",
        "content_type": 6,
        "codename": "delete_user"
    }
},
{
    "model": "auth.permission",
    "pk": 19,
    "fields": {
        "name": "Can add page",
        "content_type": 7,
        "codename": "add_page"
    }
},
{
    "model": "auth.permission",
    "pk": 20,
    "fields": {
        "name": "Can change page",
        "content_type": 7,
        "codename": "change_page"
    }
},
{
    "model": "auth.permission",
    "pk": 21,
    "fields": {
        "name": "Can delete page",
        "content_type": 7,
        "codename": "delete_page"
    }
},
{
    "model": "auth.permission",
    "pk": 22,
    "fields": {
        "name": "Can add index column",
        "content_type": 8,
        "codename": "add_indexcolumn"
    }
},
{
    "model": "auth.permission",
    "pk": 23,
    "fields": {
        "name": "Can change index column",
        "content_type": 8,
        "codename": "change_indexcolumn"
    }
},
{
    "model": "auth.permission",
    "pk": 24,
    "fields": {
        "name": "Can delete index column",
        "content_type": 8,
        "codename": "delete_indexcolumn"
    }
},
{
    "model": "auth.permission",
    "pk": 25,
    "fields": {
        "name": "Can add widget",
        "content_type": 9,
        "codename": "add_widget"
    }
},
{
    "model": "auth.permission",
    "pk": 26,
    "fields": {
        "name": "Can change widget",
        "content_type": 9,
        "codename": "change_widget"
    }
},
{
    "model": "auth.permission",
    "pk": 27,
    "fields": {
        "name": "Can delete widget",
        "content_type": 9,
        "codename": "delete_widget"
    }
},
{
    "model": "auth.permission",
    "pk": 28,
    "fields": {
        "name": "Can add column heading",
        "content_type": 10,
        "codename": "add_columnheading"
    }
},
{
    "model": "auth.permission",
    "pk": 29,
    "fields": {
        "name": "Can change column heading",
        "content_type": 10,
        "codename": "change_columnheading"
    }
},
{
    "model": "auth.permission",
    "pk": 30,
    "fields": {
        "name": "Can delete column heading",
        "content_type": 10,
        "codename": "delete_columnheading"
    }
},
{
    "model": "auth.permission",
    "pk": 31,
    "fields": {
        "name": "Can add document",
        "content_type": 11,
        "codename": "add_document"
    }
},
{
    "model": "auth.permission",
    "pk": 32,
    "fields": {
        "name": "Can change document",
        "content_type": 11,
        "codename": "change_document"
    }
},
{
    "model": "auth.permission",
    "pk": 33,
    "fields": {
        "name": "Can delete document",
        "content_type": 11,
        "codename": "delete_document"
    }
},
{
    "model": "auth.permission",
    "pk": 40,
    "fields": {
        "name": "Can add page widget",
        "content_type": 14,
        "codename": "add_pagewidget"
    }
},
{
    "model": "auth.permission",
    "pk": 41,
    "fields": {
        "name": "Can change page widget",
        "content_type": 14,
        "codename": "change_pagewidget"
    }
},
{
    "model": "auth.permission",
    "pk": 42,
    "fields": {
        "name": "Can delete page widget",
        "content_type": 14,
        "codename": "delete_pagewidget"
    }
},
{
    "model": "auth.permission",
    "pk": 43,
    "fields": {
        "name": "Can add comment",
        "content_type": 15,
        "codename": "add_comment"
    }
},
{
    "model": "auth.permission",
    "pk": 44,
    "fields": {
        "name": "Can change comment",
        "content_type": 15,
        "codename": "change_comment"
    }
},
{
    "model": "auth.permission",
    "pk": 45,
    "fields": {
        "name": "Can delete comment",
        "content_type": 15,
        "codename": "delete_comment"
    }
},
{
    "model": "auth.permission",
    "pk": 46,
    "fields": {
        "name": "Can add indexer widget",
        "content_type": 16,
        "codename": "add_indexerwidget"
    }
},
{
    "model": "auth.permission",
    "pk": 47,
    "fields": {
        "name": "Can change indexer widget",
        "content_type": 16,
        "codename": "change_indexerwidget"
    }
},
{
    "model": "auth.permission",
    "pk": 48,
    "fields": {
        "name": "Can delete indexer widget",
        "content_type": 16,
        "codename": "delete_indexerwidget"
    }
},
{
    "model": "auth.permission",
    "pk": 49,
    "fields": {
        "name": "Can add page counter",
        "content_type": 17,
        "codename": "add_pagecounter"
    }
},
{
    "model": "auth.permission",
    "pk": 50,
    "fields": {
        "name": "Can change page counter",
        "content_type": 17,
        "codename": "change_pagecounter"
    }
},
{
    "model": "auth.permission",
    "pk": 51,
    "fields": {
        "name": "Can delete page counter",
        "content_type": 17,
        "codename": "delete_pagecounter"
    }
},
{
    "model": "users.user",
    "pk": 1,
    "fields": {
        "password": "pbkdf2_sha256$30000$mAT8OvE0h4dr$dbonG5sK639NlixrUUhaT7cxk3tBfmpdOgE//o8zINY=",
        "last_login": "2017-04-10T06:04:11.646Z",
        "is_superuser": true,
        "name": "root",
        "email": "root@gmail.com",
        "is_staff": true,
        "is_active": true,
        "date_joined": "2017-03-29T04:08:37Z",
        "groups": [],
        "user_permissions": []
    }
},
{
    "model": "cms.indexerwidget",
    "pk": 1,
    "fields": {
        "created_by": 1,
        "created_on": "2017-04-04T04:31:39.938Z",
        "last_modified_by": null,
        "last_modified_on": "2017-04-04T17:17:19.710Z",
        "heading": "Choose and Download Resume Format and Samples Written by our Experts"
    }
},
{
    "model": "cms.widget",
    "pk": 1,
    "fields": {
        "created_by": 1,
        "created_on": "2017-04-04T04:41:37.404Z",
        "last_modified_by": null,
        "last_modified_on": "2017-04-07T05:26:08.133Z",
        "widget_type": 1,
        "heading": "",
        "redirect_url": "",
        "image": "",
        "image_alt": "",
        "description": "<p>As a Fresher, your Resume is one of the most important tool to get you a job interview, hence it deserves dedicated time and attention. Remember that as you have no full time work experience, you will be valued by employers for your attitude, skills and ability to work and deliver in teams. And the key in writing an impactful resume is to present a match between your qualities and the requirement of the job.</p>\r\n\r\n<h2>Formatting</h2>\r\n\r\n<ul>\r\n\t<li>Resume Format for Fresher</li>\r\n\t<li>For Banking - Freshers</li>\r\n\t<li>For IT Professional - Freshers</li>\r\n\t<li>For Finance Freshers</li>\r\n\t<li>For Teachers - Fresher</li>\r\n</ul>",
        "document_upload": "",
        "user": null,
        "display_name": "",
        "writer_designation": "",
        "iw": null,
        "is_external": false,
        "is_pop_up": false,
        "is_active": true
    }
},
{
    "model": "cms.widget",
    "pk": 2,
    "fields": {
        "created_by": 1,
        "created_on": "2017-04-04T04:44:39.702Z",
        "last_modified_by": null,
        "last_modified_on": "2017-04-07T05:37:55.359Z",
        "widget_type": 2,
        "heading": "Download As Pdf",
        "redirect_url": "",
        "image": "images/cms/widget/download-pdf.jpg",
        "image_alt": "download_pdf",
        "description": "",
        "document_upload": "",
        "user": null,
        "display_name": "",
        "writer_designation": "",
        "iw": null,
        "is_external": false,
        "is_pop_up": false,
        "is_active": true
    }
},
{
    "model": "cms.widget",
    "pk": 3,
    "fields": {
        "created_by": null,
        "created_on": "2017-04-04T04:49:15.619Z",
        "last_modified_by": null,
        "last_modified_on": "2017-04-07T05:25:48.637Z",
        "widget_type": 5,
        "heading": "What our Content Writer says about this Resume Format   Shine",
        "redirect_url": "",
        "image": "images/cms/widget/writer-pic.jpg",
        "image_alt": "content-writer",
        "description": "<p><strong>Why do you think this is the best profile?</strong></p>\r\n\r\n<p>A profile which makes customer happy is considered as the best profile.</p>\r\n\r\n<p><strong>What were the challenges faced while drafting this cv format?</strong></p>\r\n\r\n<p>While developing this resume, I had to face a lot of challenges. The client did not like the resume in first go, he was not satisfied with the content and the layout. He rejected the resume a couple of times and even was irritated by the time of development call. But then I took it as a challenge and completed the resume and finally the client liked it.</p>",
        "document_upload": "",
        "user": 1,
        "display_name": "Sana Praveen",
        "writer_designation": "Resume Writing Expert",
        "iw": null,
        "is_external": false,
        "is_pop_up": false,
        "is_active": true
    }
},
{
    "model": "cms.widget",
    "pk": 4,
    "fields": {
        "created_by": 1,
        "created_on": "2017-04-04T04:55:56.102Z",
        "last_modified_by": null,
        "last_modified_on": "2017-04-07T05:25:36.923Z",
        "widget_type": 7,
        "heading": "Shine Ad",
        "redirect_url": "https://www.shine.com/",
        "image": "images/cms/widget/shine-banner.jpg",
        "image_alt": "shine",
        "description": "",
        "document_upload": "",
        "user": null,
        "display_name": "",
        "writer_designation": "",
        "iw": null,
        "is_external": false,
        "is_pop_up": false,
        "is_active": true
    }
},
{
    "model": "cms.widget",
    "pk": 5,
    "fields": {
        "created_by": 1,
        "created_on": "2017-04-04T04:59:39.635Z",
        "last_modified_by": null,
        "last_modified_on": "2017-04-07T05:25:17.139Z",
        "widget_type": 6,
        "heading": "REQUEST A CALL",
        "redirect_url": "",
        "image": "",
        "image_alt": "",
        "description": "",
        "document_upload": "",
        "user": null,
        "display_name": "",
        "writer_designation": "",
        "iw": null,
        "is_external": false,
        "is_pop_up": false,
        "is_active": true
    }
},
{
    "model": "cms.widget",
    "pk": 6,
    "fields": {
        "created_by": 1,
        "created_on": "2017-04-04T05:02:42.613Z",
        "last_modified_by": null,
        "last_modified_on": "2017-04-07T05:25:02.274Z",
        "widget_type": 4,
        "heading": "FREE PRACTICE TEST",
        "redirect_url": "http://careerplus.shine.com/test-preparation",
        "image": "images/cms/widget/practice-test.jpg",
        "image_alt": "practice-test",
        "description": "",
        "document_upload": "",
        "user": null,
        "display_name": "",
        "writer_designation": "",
        "iw": null,
        "is_external": false,
        "is_pop_up": false,
        "is_active": true
    }
},
{
    "model": "cms.widget",
    "pk": 7,
    "fields": {
        "created_by": 1,
        "created_on": "2017-04-04T05:05:07.815Z",
        "last_modified_by": null,
        "last_modified_on": "2017-04-07T05:23:32.595Z",
        "widget_type": 3,
        "heading": "RELATED",
        "redirect_url": "",
        "image": "",
        "image_alt": "",
        "description": "",
        "document_upload": "",
        "user": null,
        "display_name": "",
        "writer_designation": "",
        "iw": null,
        "is_external": false,
        "is_pop_up": false,
        "is_active": true
    }
},
{
    "model": "cms.widget",
    "pk": 8,
    "fields": {
        "created_by": 1,
        "created_on": "2017-04-04T05:19:49.422Z",
        "last_modified_by": null,
        "last_modified_on": "2017-04-07T05:23:16.322Z",
        "widget_type": 8,
        "heading": "",
        "redirect_url": "",
        "image": "",
        "image_alt": "",
        "description": "",
        "document_upload": "",
        "user": null,
        "display_name": "",
        "writer_designation": "",
        "iw": 1,
        "is_external": false,
        "is_pop_up": false,
        "is_active": true
    }
},
{
    "model": "cms.page",
    "pk": 1,
    "fields": {
        "url": "",
        "title": "Resume Format For Freshers",
        "meta_desc": "",
        "meta_keywords": "",
        "heading": "",
        "created_by": 1,
        "created_on": "2017-04-04T04:22:38.246Z",
        "last_modified_by": null,
        "last_modified_on": "2017-04-10T06:42:20.376Z",
        "name": "Resume Format For Freshers",
        "parent": null,
        "slug": "resume-format-for-freshers",
        "total_view": 384,
        "total_download": 33,
        "total_share": 5,
        "is_active": true,
        "show_menu": false,
        "allow_comment": true,
        "comment_count": 3,
        "publish_date": null,
        "expiry_date": null
    }
},
{
    "model": "cms.page",
    "pk": 2,
    "fields": {
        "url": "",
        "title": "",
        "meta_desc": "",
        "meta_keywords": "",
        "heading": "",
        "created_by": null,
        "created_on": "2017-04-08T10:09:05.033Z",
        "last_modified_by": null,
        "last_modified_on": "2017-04-08T10:09:05.033Z",
        "name": "Resume Format For experience",
        "parent": null,
        "slug": "resume-format-for-experience",
        "total_view": 0,
        "total_download": 0,
        "total_share": 0,
        "is_active": false,
        "show_menu": false,
        "allow_comment": false,
        "comment_count": 0,
        "publish_date": null,
        "expiry_date": null
    }
},
{
    "model": "cms.pagewidget",
    "pk": 1,
    "fields": {
        "created_by": 1,
        "created_on": "2017-04-04T05:08:55.665Z",
        "last_modified_by": null,
        "last_modified_on": "2017-04-04T05:08:55.665Z",
        "page": 1,
        "widget": 7,
        "section": "right",
        "ranking": 2
    }
},
{
    "model": "cms.pagewidget",
    "pk": 2,
    "fields": {
        "created_by": 1,
        "created_on": "2017-04-04T05:09:41.967Z",
        "last_modified_by": null,
        "last_modified_on": "2017-04-04T05:09:41.967Z",
        "page": 1,
        "widget": 6,
        "section": "right",
        "ranking": 0
    }
},
{
    "model": "cms.pagewidget",
    "pk": 3,
    "fields": {
        "created_by": 1,
        "created_on": "2017-04-04T05:10:07.031Z",
        "last_modified_by": null,
        "last_modified_on": "2017-04-04T05:10:07.031Z",
        "page": 1,
        "widget": 5,
        "section": "right",
        "ranking": 1
    }
},
{
    "model": "cms.pagewidget",
    "pk": 4,
    "fields": {
        "created_by": 1,
        "created_on": "2017-04-04T05:10:32.422Z",
        "last_modified_by": null,
        "last_modified_on": "2017-04-04T05:10:32.422Z",
        "page": 1,
        "widget": 4,
        "section": "right",
        "ranking": 3
    }
},
{
    "model": "cms.pagewidget",
    "pk": 5,
    "fields": {
        "created_by": 1,
        "created_on": "2017-04-04T05:12:35.736Z",
        "last_modified_by": null,
        "last_modified_on": "2017-04-04T05:12:35.736Z",
        "page": 1,
        "widget": 3,
        "section": "left",
        "ranking": 1
    }
},
{
    "model": "cms.pagewidget",
    "pk": 6,
    "fields": {
        "created_by": 1,
        "created_on": "2017-04-04T05:14:14.725Z",
        "last_modified_by": null,
        "last_modified_on": "2017-04-04T09:58:40.826Z",
        "page": 1,
        "widget": 2,
        "section": "left",
        "ranking": 4
    }
},
{
    "model": "cms.pagewidget",
    "pk": 7,
    "fields": {
        "created_by": 1,
        "created_on": "2017-04-04T05:14:49.338Z",
        "last_modified_by": null,
        "last_modified_on": "2017-04-04T05:14:49.338Z",
        "page": 1,
        "widget": 1,
        "section": "left",
        "ranking": 2
    }
},
{
    "model": "cms.pagewidget",
    "pk": 8,
    "fields": {
        "created_by": 1,
        "created_on": "2017-04-04T05:20:51.141Z",
        "last_modified_by": null,
        "last_modified_on": "2017-04-04T05:20:51.141Z",
        "page": 1,
        "widget": 8,
        "section": "left",
        "ranking": 3
    }
},
{
    "model": "cms.comment",
    "pk": 3,
    "fields": {
        "created_by": 1,
        "created_on": "2017-04-05T06:59:12.954Z",
        "last_modified_by": null,
        "last_modified_on": "2017-04-08T10:22:17.755Z",
        "page": 1,
        "message": "hiii man..",
        "is_published": true,
        "is_removed": false,
        "replied_to": null
    }
},
{
    "model": "cms.comment",
    "pk": 5,
    "fields": {
        "created_by": 1,
        "created_on": "2017-04-05T13:04:00.320Z",
        "last_modified_by": null,
        "last_modified_on": "2017-04-05T13:04:55.371Z",
        "page": 1,
        "message": "hello",
        "is_published": true,
        "is_removed": false,
        "replied_to": null
    }
},
{
    "model": "cms.comment",
    "pk": 6,
    "fields": {
        "created_by": 1,
        "created_on": "2017-04-07T09:59:38.375Z",
        "last_modified_by": null,
        "last_modified_on": "2017-04-07T09:59:58.955Z",
        "page": 1,
        "message": "jhjhjh",
        "is_published": true,
        "is_removed": false,
        "replied_to": null
    }
},
{
    "model": "cms.comment",
    "pk": 7,
    "fields": {
        "created_by": 1,
        "created_on": "2017-04-07T11:33:37.306Z",
        "last_modified_by": null,
        "last_modified_on": "2017-04-08T10:21:08.560Z",
        "page": 1,
        "message": "hello",
        "is_published": true,
        "is_removed": false,
        "replied_to": null
    }
},
{
    "model": "cms.comment",
    "pk": 8,
    "fields": {
        "created_by": 1,
        "created_on": "2017-04-08T10:24:27.730Z",
        "last_modified_by": null,
        "last_modified_on": "2017-04-08T10:24:27.730Z",
        "page": 1,
        "message": "superb..",
        "is_published": false,
        "is_removed": false,
        "replied_to": null
    }
},
{
    "model": "admin.logentry",
    "pk": 1,
    "fields": {
        "action_time": "2017-03-29T04:19:47.809Z",
        "user": 1,
        "content_type": 6,
        "object_id": "1",
        "object_repr": "root@gmail.com",
        "action_flag": 2,
        "change_message": "[{\"changed\": {\"fields\": [\"name\"]}}]"
    }
},
{
    "model": "admin.logentry",
    "pk": 2,
    "fields": {
        "action_time": "2017-04-04T04:21:01.360Z",
        "user": 1,
        "content_type": null,
        "object_id": "1",
        "object_repr": "Resume Format",
        "action_flag": 1,
        "change_message": "[{\"added\": {}}]"
    }
},
{
    "model": "admin.logentry",
    "pk": 3,
    "fields": {
        "action_time": "2017-04-04T04:22:38.273Z",
        "user": 1,
        "content_type": 7,
        "object_id": "1",
        "object_repr": "1 Resume Format For Freshers",
        "action_flag": 1,
        "change_message": "[{\"added\": {}}, {\"added\": {\"object\": \"1\", \"name\": \"document\"}}]"
    }
},
{
    "model": "admin.logentry",
    "pk": 4,
    "fields": {
        "action_time": "2017-04-04T04:31:40.115Z",
        "user": 1,
        "content_type": 16,
        "object_id": "1",
        "object_repr": "Choose and Download Resume Format and Samples Written by our Experts",
        "action_flag": 1,
        "change_message": "[{\"added\": {}}, {\"added\": {\"name\": \"column heading\", \"object\": \"Choose Function Area\"}}, {\"added\": {\"name\": \"column heading\", \"object\": \"Choose Other Formats\"}}, {\"added\": {\"name\": \"index column\", \"object\": \"IT Software\"}}, {\"added\": {\"name\": \"index column\", \"object\": \"IT Hardware\"}}, {\"added\": {\"name\": \"index column\", \"object\": \"Sales\"}}, {\"added\": {\"name\": \"index column\", \"object\": \"Finance\"}}, {\"added\": {\"name\": \"index column\", \"object\": \"Covver Letter\"}}, {\"added\": {\"name\": \"index column\", \"object\": \"Resume Summary Statement\"}}, {\"added\": {\"name\": \"index column\", \"object\": \"Executive Summary\"}}]"
    }
},
{
    "model": "admin.logentry",
    "pk": 5,
    "fields": {
        "action_time": "2017-04-04T04:35:31.472Z",
        "user": 1,
        "content_type": 15,
        "object_id": "1",
        "object_repr": "1_2017-04-04",
        "action_flag": 1,
        "change_message": "[{\"added\": {}}]"
    }
},
{
    "model": "admin.logentry",
    "pk": 6,
    "fields": {
        "action_time": "2017-04-04T04:36:11.924Z",
        "user": 1,
        "content_type": 15,
        "object_id": "2",
        "object_repr": "2_2017-04-04",
        "action_flag": 1,
        "change_message": "[{\"added\": {}}]"
    }
},
{
    "model": "admin.logentry",
    "pk": 7,
    "fields": {
        "action_time": "2017-04-04T04:41:37.405Z",
        "user": 1,
        "content_type": 9,
        "object_id": "1",
        "object_repr": "1text Widget",
        "action_flag": 1,
        "change_message": "[{\"added\": {}}]"
    }
},
{
    "model": "admin.logentry",
    "pk": 8,
    "fields": {
        "action_time": "2017-04-04T04:44:39.704Z",
        "user": 1,
        "content_type": 9,
        "object_id": "2",
        "object_repr": "2resume download",
        "action_flag": 1,
        "change_message": "[{\"added\": {}}]"
    }
},
{
    "model": "admin.logentry",
    "pk": 9,
    "fields": {
        "action_time": "2017-04-04T04:49:15.621Z",
        "user": 1,
        "content_type": 9,
        "object_id": "3",
        "object_repr": "3What our Content Writer says about this Resume Format   Shine",
        "action_flag": 1,
        "change_message": "[{\"added\": {}}]"
    }
},
{
    "model": "admin.logentry",
    "pk": 10,
    "fields": {
        "action_time": "2017-04-04T04:55:56.103Z",
        "user": 1,
        "content_type": 9,
        "object_id": "4",
        "object_repr": "4shine Ad",
        "action_flag": 1,
        "change_message": "[{\"added\": {}}]"
    }
},
{
    "model": "admin.logentry",
    "pk": 11,
    "fields": {
        "action_time": "2017-04-04T04:56:00.707Z",
        "user": 1,
        "content_type": 9,
        "object_id": "4",
        "object_repr": "4shine Ad",
        "action_flag": 2,
        "change_message": "[]"
    }
},
{
    "model": "admin.logentry",
    "pk": 12,
    "fields": {
        "action_time": "2017-04-04T04:59:39.636Z",
        "user": 1,
        "content_type": 9,
        "object_id": "5",
        "object_repr": "5REQUEST A CALL",
        "action_flag": 1,
        "change_message": "[{\"added\": {}}]"
    }
},
{
    "model": "admin.logentry",
    "pk": 13,
    "fields": {
        "action_time": "2017-04-04T05:02:42.614Z",
        "user": 1,
        "content_type": 9,
        "object_id": "6",
        "object_repr": "6FREE PRACTICE TEST",
        "action_flag": 1,
        "change_message": "[{\"added\": {}}]"
    }
},
{
    "model": "admin.logentry",
    "pk": 14,
    "fields": {
        "action_time": "2017-04-04T05:05:07.816Z",
        "user": 1,
        "content_type": 9,
        "object_id": "7",
        "object_repr": "7RELATED",
        "action_flag": 1,
        "change_message": "[{\"added\": {}}]"
    }
},
{
    "model": "admin.logentry",
    "pk": 15,
    "fields": {
        "action_time": "2017-04-04T05:08:55.665Z",
        "user": 1,
        "content_type": 14,
        "object_id": "1",
        "object_repr": "PageWidget object",
        "action_flag": 1,
        "change_message": "[{\"added\": {}}]"
    }
},
{
    "model": "admin.logentry",
    "pk": 16,
    "fields": {
        "action_time": "2017-04-04T05:09:41.968Z",
        "user": 1,
        "content_type": 14,
        "object_id": "2",
        "object_repr": "PageWidget object",
        "action_flag": 1,
        "change_message": "[{\"added\": {}}]"
    }
},
{
    "model": "admin.logentry",
    "pk": 17,
    "fields": {
        "action_time": "2017-04-04T05:10:07.032Z",
        "user": 1,
        "content_type": 14,
        "object_id": "3",
        "object_repr": "PageWidget object",
        "action_flag": 1,
        "change_message": "[{\"added\": {}}]"
    }
},
{
    "model": "admin.logentry",
    "pk": 18,
    "fields": {
        "action_time": "2017-04-04T05:10:32.423Z",
        "user": 1,
        "content_type": 14,
        "object_id": "4",
        "object_repr": "PageWidget object",
        "action_flag": 1,
        "change_message": "[{\"added\": {}}]"
    }
},
{
    "model": "admin.logentry",
    "pk": 19,
    "fields": {
        "action_time": "2017-04-04T05:12:35.736Z",
        "user": 1,
        "content_type": 14,
        "object_id": "5",
        "object_repr": "PageWidget object",
        "action_flag": 1,
        "change_message": "[{\"added\": {}}]"
    }
},
{
    "model": "admin.logentry",
    "pk": 20,
    "fields": {
        "action_time": "2017-04-04T05:14:14.726Z",
        "user": 1,
        "content_type": 14,
        "object_id": "6",
        "object_repr": "PageWidget object",
        "action_flag": 1,
        "change_message": "[{\"added\": {}}]"
    }
},
{
    "model": "admin.logentry",
    "pk": 21,
    "fields": {
        "action_time": "2017-04-04T05:14:49.339Z",
        "user": 1,
        "content_type": 14,
        "object_id": "7",
        "object_repr": "PageWidget object",
        "action_flag": 1,
        "change_message": "[{\"added\": {}}]"
    }
},
{
    "model": "admin.logentry",
    "pk": 22,
    "fields": {
        "action_time": "2017-04-04T05:19:49.423Z",
        "user": 1,
        "content_type": 9,
        "object_id": "8",
        "object_repr": "8indexer Widget",
        "action_flag": 1,
        "change_message": "[{\"added\": {}}]"
    }
},
{
    "model": "admin.logentry",
    "pk": 23,
    "fields": {
        "action_time": "2017-04-04T05:20:51.142Z",
        "user": 1,
        "content_type": 14,
        "object_id": "8",
        "object_repr": "PageWidget object",
        "action_flag": 1,
        "change_message": "[{\"added\": {}}]"
    }
},
{
    "model": "admin.logentry",
    "pk": 24,
    "fields": {
        "action_time": "2017-04-04T06:53:19.870Z",
        "user": 1,
        "content_type": 9,
        "object_id": "8",
        "object_repr": "8indexer Widget",
        "action_flag": 2,
        "change_message": "[{\"changed\": {\"fields\": [\"iw\"]}}]"
    }
},
{
    "model": "admin.logentry",
    "pk": 25,
    "fields": {
        "action_time": "2017-04-04T09:58:02.344Z",
        "user": 1,
        "content_type": 14,
        "object_id": "6",
        "object_repr": "PageWidget object",
        "action_flag": 2,
        "change_message": "[{\"changed\": {\"fields\": [\"ranking\"]}}]"
    }
},
{
    "model": "admin.logentry",
    "pk": 26,
    "fields": {
        "action_time": "2017-04-04T09:58:40.827Z",
        "user": 1,
        "content_type": 14,
        "object_id": "6",
        "object_repr": "PageWidget object",
        "action_flag": 2,
        "change_message": "[{\"changed\": {\"fields\": [\"ranking\"]}}]"
    }
},
{
    "model": "admin.logentry",
    "pk": 27,
    "fields": {
        "action_time": "2017-04-04T11:00:49.040Z",
        "user": 1,
        "content_type": 9,
        "object_id": "1",
        "object_repr": "1text Widget",
        "action_flag": 2,
        "change_message": "[{\"changed\": {\"fields\": [\"description\"]}}]"
    }
},
{
    "model": "admin.logentry",
    "pk": 28,
    "fields": {
        "action_time": "2017-04-04T11:03:03.414Z",
        "user": 1,
        "content_type": 9,
        "object_id": "3",
        "object_repr": "3What our Content Writer says about this Resume Format   Shine",
        "action_flag": 2,
        "change_message": "[{\"changed\": {\"fields\": [\"description\"]}}]"
    }
},
{
    "model": "admin.logentry",
    "pk": 29,
    "fields": {
        "action_time": "2017-04-04T17:15:59.544Z",
        "user": 1,
        "content_type": 16,
        "object_id": "1",
        "object_repr": "Choose and Download Resume Format and Samples Written by our Experts",
        "action_flag": 2,
        "change_message": "[{\"added\": {\"name\": \"index column\", \"object\": \"Marketing\"}}]"
    }
},
{
    "model": "admin.logentry",
    "pk": 30,
    "fields": {
        "action_time": "2017-04-04T17:17:19.793Z",
        "user": 1,
        "content_type": 16,
        "object_id": "1",
        "object_repr": "Choose and Download Resume Format and Samples Written by our Experts",
        "action_flag": 2,
        "change_message": "[{\"added\": {\"name\": \"index column\", \"object\": \"Operations\"}}, {\"added\": {\"name\": \"index column\", \"object\": \"Linkdin Profile Summary\"}}, {\"added\": {\"name\": \"index column\", \"object\": \"Resignation Letter\"}}, {\"added\": {\"name\": \"index column\", \"object\": \"statement of purpose\"}}]"
    }
},
{
    "model": "admin.logentry",
    "pk": 31,
    "fields": {
        "action_time": "2017-04-05T06:59:32.444Z",
        "user": 1,
        "content_type": 15,
        "object_id": "2",
        "object_repr": "2_2017-04-05",
        "action_flag": 2,
        "change_message": "[{\"changed\": {\"fields\": [\"is_published\"]}}]"
    }
},
{
    "model": "admin.logentry",
    "pk": 32,
    "fields": {
        "action_time": "2017-04-05T06:59:43.065Z",
        "user": 1,
        "content_type": 15,
        "object_id": "1",
        "object_repr": "1_2017-04-05",
        "action_flag": 2,
        "change_message": "[{\"changed\": {\"fields\": [\"is_published\"]}}]"
    }
},
{
    "model": "admin.logentry",
    "pk": 33,
    "fields": {
        "action_time": "2017-04-05T09:23:51.383Z",
        "user": 1,
        "content_type": 15,
        "object_id": "4",
        "object_repr": "4_2017-04-05",
        "action_flag": 2,
        "change_message": "[{\"changed\": {\"fields\": [\"is_published\"]}}]"
    }
},
{
    "model": "admin.logentry",
    "pk": 34,
    "fields": {
        "action_time": "2017-04-05T13:04:55.372Z",
        "user": 1,
        "content_type": 15,
        "object_id": "5",
        "object_repr": "5_2017-04-05",
        "action_flag": 2,
        "change_message": "[{\"changed\": {\"fields\": [\"is_published\"]}}]"
    }
},
{
    "model": "admin.logentry",
    "pk": 35,
    "fields": {
        "action_time": "2017-04-06T11:49:34.204Z",
        "user": 1,
        "content_type": 17,
        "object_id": "1",
        "object_repr": "2017-04-06",
        "action_flag": 3,
        "change_message": ""
    }
},
{
    "model": "admin.logentry",
    "pk": 36,
    "fields": {
        "action_time": "2017-04-07T05:23:16.330Z",
        "user": 1,
        "content_type": 9,
        "object_id": "8",
        "object_repr": "8",
        "action_flag": 2,
        "change_message": "[{\"changed\": {\"fields\": [\"widget_type\"]}}]"
    }
},
{
    "model": "admin.logentry",
    "pk": 37,
    "fields": {
        "action_time": "2017-04-07T05:23:32.605Z",
        "user": 1,
        "content_type": 9,
        "object_id": "7",
        "object_repr": "7RELATED",
        "action_flag": 2,
        "change_message": "[{\"changed\": {\"fields\": [\"widget_type\"]}}]"
    }
},
{
    "model": "admin.logentry",
    "pk": 38,
    "fields": {
        "action_time": "2017-04-07T05:25:02.281Z",
        "user": 1,
        "content_type": 9,
        "object_id": "6",
        "object_repr": "6FREE PRACTICE TEST",
        "action_flag": 2,
        "change_message": "[{\"changed\": {\"fields\": [\"widget_type\"]}}]"
    }
},
{
    "model": "admin.logentry",
    "pk": 39,
    "fields": {
        "action_time": "2017-04-07T05:25:17.149Z",
        "user": 1,
        "content_type": 9,
        "object_id": "5",
        "object_repr": "5REQUEST A CALL",
        "action_flag": 2,
        "change_message": "[{\"changed\": {\"fields\": [\"widget_type\"]}}]"
    }
},
{
    "model": "admin.logentry",
    "pk": 40,
    "fields": {
        "action_time": "2017-04-07T05:25:36.931Z",
        "user": 1,
        "content_type": 9,
        "object_id": "4",
        "object_repr": "4Shine Ad",
        "action_flag": 2,
        "change_message": "[{\"changed\": {\"fields\": [\"widget_type\"]}}]"
    }
},
{
    "model": "admin.logentry",
    "pk": 41,
    "fields": {
        "action_time": "2017-04-07T05:25:48.645Z",
        "user": 1,
        "content_type": 9,
        "object_id": "3",
        "object_repr": "3What our Content Writer says about this Resume Format   Shine",
        "action_flag": 2,
        "change_message": "[{\"changed\": {\"fields\": [\"widget_type\"]}}]"
    }
},
{
    "model": "admin.logentry",
    "pk": 42,
    "fields": {
        "action_time": "2017-04-07T05:26:08.141Z",
        "user": 1,
        "content_type": 9,
        "object_id": "1",
        "object_repr": "1",
        "action_flag": 2,
        "change_message": "[{\"changed\": {\"fields\": [\"widget_type\"]}}]"
    }
},
{
    "model": "admin.logentry",
    "pk": 43,
    "fields": {
        "action_time": "2017-04-07T05:37:55.368Z",
        "user": 1,
        "content_type": 9,
        "object_id": "2",
        "object_repr": "2Download As Pdf",
        "action_flag": 2,
        "change_message": "[{\"changed\": {\"fields\": [\"widget_type\"]}}]"
    }
},
{
    "model": "admin.logentry",
    "pk": 44,
    "fields": {
        "action_time": "2017-04-07T09:59:58.965Z",
        "user": 1,
        "content_type": 15,
        "object_id": "6",
        "object_repr": "6_2017-04-07",
        "action_flag": 2,
        "change_message": "[{\"changed\": {\"fields\": [\"is_published\"]}}]"
    }
},
{
    "model": "admin.logentry",
    "pk": 45,
    "fields": {
        "action_time": "2017-04-08T09:58:52.194Z",
        "user": 1,
        "content_type": 7,
        "object_id": "1",
        "object_repr": "1 Resume Format For Freshers",
        "action_flag": 2,
        "change_message": "[{\"changed\": {\"fields\": [\"name\"]}}]"
    }
},
{
    "model": "admin.logentry",
    "pk": 46,
    "fields": {
        "action_time": "2017-04-08T10:09:05.040Z",
        "user": 1,
        "content_type": 7,
        "object_id": "2",
        "object_repr": "2 ",
        "action_flag": 1,
        "change_message": "[{\"added\": {}}]"
    }
},
{
    "model": "admin.logentry",
    "pk": 47,
    "fields": {
        "action_time": "2017-04-08T10:20:58.588Z",
        "user": 1,
        "content_type": 15,
        "object_id": "4",
        "object_repr": "4_2017-04-05",
        "action_flag": 3,
        "change_message": ""
    }
},
{
    "model": "admin.logentry",
    "pk": 48,
    "fields": {
        "action_time": "2017-04-08T10:20:58.646Z",
        "user": 1,
        "content_type": 15,
        "object_id": "2",
        "object_repr": "2_2017-04-05",
        "action_flag": 3,
        "change_message": ""
    }
},
{
    "model": "admin.logentry",
    "pk": 49,
    "fields": {
        "action_time": "2017-04-08T10:20:58.696Z",
        "user": 1,
        "content_type": 15,
        "object_id": "1",
        "object_repr": "1_2017-04-05",
        "action_flag": 3,
        "change_message": ""
    }
},
{
    "model": "admin.logentry",
    "pk": 50,
    "fields": {
        "action_time": "2017-04-08T10:21:08.569Z",
        "user": 1,
        "content_type": 15,
        "object_id": "7",
        "object_repr": "7_2017-04-07",
        "action_flag": 2,
        "change_message": "[{\"changed\": {\"fields\": [\"is_published\"]}}]"
    }
},
{
    "model": "admin.logentry",
    "pk": 51,
    "fields": {
        "action_time": "2017-04-08T10:21:13.801Z",
        "user": 1,
        "content_type": 15,
        "object_id": "3",
        "object_repr": "3_2017-04-05",
        "action_flag": 2,
        "change_message": "[]"
    }
},
{
    "model": "admin.logentry",
    "pk": 52,
    "fields": {
        "action_time": "2017-04-08T10:22:17.764Z",
        "user": 1,
        "content_type": 15,
        "object_id": "3",
        "object_repr": "3_2017-04-05",
        "action_flag": 2,
        "change_message": "[{\"changed\": {\"fields\": [\"is_published\"]}}]"
    }
}
]
